MutationType	SBSA(SBS-Polk)
A[C>A]A	0.06442067
A[C>A]C	0.02790099
A[C>A]G	0.00599348
A[C>A]T	0.02587898
A[C>G]A	0.04353767
A[C>G]C	0.02305896
A[C>G]G	0.00526867
A[C>G]T	0.01939674
A[C>T]A	0.02604751
A[C>T]C	0.0082268
A[C>T]G	0.00555838
A[C>T]T	0.01628405
A[T>A]A	0.00656444
A[T>A]C	0.0041905
A[T>A]G	0.00629417
A[T>A]T	0.00657929
A[T>C]A	0.00295915
A[T>C]C	8.5204e-4
A[T>C]G	0.00306374
A[T>C]T	0.00308601
A[T>G]A	0.00192336
A[T>G]C	2.6439e-4
A[T>G]G	0.00126484
A[T>G]T	6.9043e-4
C[C>A]A	0.04761679
C[C>A]C	0.0246283
C[C>A]G	0.00315749
C[C>A]T	0.02043225
C[C>G]A	0.02759677
C[C>G]C	0.01714956
C[C>G]G	0.00228235
C[C>G]T	0.01308767
C[C>T]A	0.01176387
C[C>T]C	0.00836931
C[C>T]G	0.00336179
C[C>T]T	0.01483237
C[T>A]A	0.00347234
C[T>A]C	0.00296515
C[T>A]G	0.00577811
C[T>A]T	0.00848348
C[T>C]A	6.0332e-4
C[T>C]C	0.00170614
C[T>C]G	0.00121531
C[T>C]T	0.00225798
C[T>G]A	5.2777e-4
C[T>G]C	0.00103031
C[T>G]G	7.4509e-4
C[T>G]T	0.0014891
G[C>A]A	0.02956547
G[C>A]C	0.01804122
G[C>A]G	0.00432561
G[C>A]T	0.01197892
G[C>G]A	0.02742135
G[C>G]C	0.02761713
G[C>G]G	0.00438166
G[C>G]T	0.01572126
G[C>T]A	0.00979992
G[C>T]C	0.00553899
G[C>T]G	0.00465327
G[C>T]T	0.01151309
G[T>A]A	0.00289179
G[T>A]C	0.00156933
G[T>A]G	0.00250446
G[T>A]T	0.00530699
G[T>C]A	8.75e-6
G[T>C]C	7.5237e-4
G[T>C]G	0.00142098
G[T>C]T	0.0016741
G[T>G]A	2.5733e-4
G[T>G]C	6.2482e-4
G[T>G]G	7.825e-4
G[T>G]T	0.00107874
T[C>A]A	0.03994389
T[C>A]C	0.03365499
T[C>A]G	0.00538766
T[C>A]T	0.02683555
T[C>G]A	0.03901374
T[C>G]C	0.02876279
T[C>G]G	0.0042263
T[C>G]T	0.02285318
T[C>T]A	0.01610575
T[C>T]C	0.01512562
T[C>T]G	0.00469005
T[C>T]T	0.01920566
T[T>A]A	0.00365925
T[T>A]C	0.00274094
T[T>A]G	0.00335269
T[T>A]T	0.00542739
T[T>C]A	8.6756e-4
T[T>C]C	5.1437e-4
T[T>C]G	5.4119e-4
T[T>C]T	0.00163335
T[T>G]A	1.5867e-4
T[T>G]C	4.5903e-4
T[T>G]G	8.7934e-4
T[T>G]T	6.7312e-4
