signature	mutation_type	Transcribed_real_count	UnTranscribed_real_count	Transcribed_mean_sims_count	UnTranscribed_mean_sims_count	transcribed_versus_untranscribed_p_value
SBS_Polk	C>A	859.110503717478	498.52918865111	859.390259962993	808.838016366934	7.9434896380329e-11
SBS_Polk	C>G	797.312473307547	374.283320861788	724.763257931693	691.176305619951	3.5155194066191e-18
SBS_Polk	C>T	402.418319049209	204.664424136616	343.42616415695	331.60053569862	2.5078882996486e-8
SBS_Polk	T>A	135.521901599697	137.024861760741	158.897562611154	174.485800852322	0.624444104911815
SBS_Polk	T>C	33.8120944449349	18.6758375025501	28.9328324954002	31.8410943672257	0.0847661559738983
SBS_Polk	T>G	16.4243223190658	18.0367031497998	23.6358661964173	25.2494447728422	1
