signature	mutation_type	genic_real_count	intergenic_real_count	genic_mean_sims_count	intergenic_mean_sims_count	genic_versus_intergenic_p_value
SBS_Polk	C>A	1357.63969236858	2710.05134795264	1668.22827632992	2408.10748776857	1.85425500221262e-12
SBS_Polk	C>G	1171.59579416933	2257.10683226337	1415.93956355164	2021.10659968744	2.21343870629599e-9
SBS_Polk	C>T	607.082743185826	1055.719789405	675.026699855571	988.341361661323	0.0169708743507881
SBS_Polk	T>A	272.546763360439	598.734010934631	333.383363463477	537.473530381109	0.00251142566590684
SBS_Polk	T>C	52.487931947485	103.750889828773	60.773926862626	96.0591555127303	0.408784777290289
SBS_Polk	T>G	34.4610254688656	90.7113893081951	48.8853109692596	75.805098939149	0.0592455010241479
