signature	mutation_type	Lagging_real_count	Leading_real_count	Lagging_mean_sims_count	Leading_mean_sims_count	lagging_versus_leading_p_value
SBS_Polk	C>A	1261.40989894575	1382.16872937187	1331.3835443013	1340.32742068544	0.124373066845488
SBS_Polk	C>G	1082.67373451463	1173.70195947164	1122.88395743075	1131.10107614598	0.233334457439644
SBS_Polk	C>T	543.26446023794006	533.657017514338	540.663771861586	542.915757931178	0.796346707311389
SBS_Polk	T>A	290.645634602526	262.271538827719	283.368765355186	282.098482389478	0.43652203950493
SBS_Polk	T>C	46.0152366919578	49.0564852876703	51.6201777132016	50.4269823606968	0.777158074977129
SBS_Polk	T>G	40.6713585081671	42.2369120777533	40.6680729293546	41.2938632720937	1
